Workbook

Sheet 精算一覧
A1: SAAJ支部合同研究会2026（仙台）交通費・宿泊費 精算一覧
A2: 開催：2026年10月31日（土）〜11月1日（日）仙台市 ／ 作成：中部支部 会計 加藤 ／ 更新日：2026年10月3日（v4：精算額欄を追加）
A3: 見込額＝概算・見込み・予定の金額（交通費の合計に含めています） ／ 精算額（緑のセル）＝領収書の実際の金額を入力してください。差額・合計は自動計算されます
A5: No | B5: 氏名 | C5: 役割 | D5: 区分 | E5: 区間・内容 | F5: 利用日 | G5: 見込額（円） | H5: 精算額（円） | I5: 差額（円） | J5: 状態 | K5: 領収書 | L5: 出典メール | M5: 備考
A6: 1 | B6: 速水さん | C6: 講師 | D6: 交通費 | E6: 往復（自宅⇔仙台） | F6: 10/31〜11/1 | G6: 43240 | I6: =IF(H6="","",H6-G6) | J6: 概算 | K6: 未 | L6: 2026/10/02 Re: 仙台での合同研究会への補助について | M6: ご本人より「ほぼ確定」との連絡。全額補助
A7: 2 | B7: 速水さん | C7: 講師 | D7: 宿泊費 | E7: 仙台市内 1泊 | F7: 10/31 | G7: 15356 | I7: =IF(H7="","",H7-G7) | J7: 概算 | K7: 未 | L7: 2026/10/02 Re: 仙台での合同研究会への補助について | M7: ご本人より「ほぼ確定」との連絡。全額補助
A8: 3 | B8: 速水さん | C8: 講師 | D8: 手土産代 | E8: 手土産（加藤が手配） | G8: 2000 | I8: =IF(H8="","",H8-G8) | J8: 予定 | K8: 未 | L8: 2026/10/02 Re: 仙台での合同研究会への補助について | M8: 速水さんより加藤へ一任。2,000円程度を予定（加藤申告 2026/10/03）。9/14浅野支部長・加藤にて補助了承済み
A9: 4 | B9: 栗山さん | C9: 参加 | D9: 交通費 | E9: 新幹線 東京⇔仙台 往復（はやぶさ指定席） | F9: 10/31〜11/1 | G9: =11630*2 -> 23260 | I9: =IF(H9="","",H9-G9) | J9: 概算 | K9: 未 | L9: 2026/09/26 参加希望(栗山)／2026/10/02 Re: 仙台での合同研究会への補助について | M9: 名古屋⇔東京は会社負担のため補助対象外。片道11,630円×2（2026年3月改定後の定価、tabiris調べ）。領収書の額で上書き
A10: 5 | B10: 栗山さん | C10: 参加 | D10: 宿泊費 | E10: 補助不要 | G10: 0 | I10: =IF(H10="","",H10-G10) | J10: 確定 | K10: - | L10: 2026/10/02 Re: 仙台での合同研究会への補助について | M10: 10/31は宿泊するが補助不要とのこと（翌日オプショナルツアー）
A11: 6 | B11: 田中さん | C11: 参加 | D11: 交通費 | E11: 往路：新幹線 名古屋→仙台（10/30朝）／復路：空路 仙台→中部国際（11/1夕） | F11: 10/30・11/1 | G11: =20930+30610 -> 51540 | I11: =IF(H11="","",H11-G11) | J11: 見込み | K11: 未 | L11: 2026/10/03 Re: 仙台での合同研究会への補助について | M11: 【見込み】名古屋発と仮定。往路は新幹線（のぞみ＋はやぶさ指定席）片道20,930円、復路はANA/IBEX 前日までの割引運賃30,610円で計上。28日前までの割引なら17,210円、普通運賃は33,710〜34,710円。空港までのアクセス費は含まず。往路を空路にした場合は差し替え
A12: 7 | B12: 田中さん | C12: 参加 | D12: 宿泊費 | E12: 仙台市内 2泊（10/30・10/31） | F12: 10/30〜11/1 | G12: 30000 | I12: =IF(H12="","",H12-G12) | J12: 見込み | K12: 未 | L12: 2026/10/03 Re: 仙台での合同研究会への補助について | M12: 【見込み】泊数は10/30・10/31の2泊を想定。速水さんの15,356円を目安に30,000円で計上。泊数・金額は要確認
A13: 8 | B13: 加藤 | C13: 会計 | D13: 交通費 | E13: 新幹線 名古屋⇔仙台 往復（のぞみ＋はやぶさ指定席） | F13: 10/31〜11/1 | G13: =20930*2 -> 41860 | I13: =IF(H13="","",H13-G13) | J13: 概算 | K13: 未 | L13: 本人申告（2026/10/03） | M13: 乗車券10,560円＋特急券10,370円＝片道20,930円×2（駅探調べ）。往復割引は廃止。領収書の額で上書き
A14: 9 | B14: 加藤 | C14: 会計 | D14: 宿泊費 | E14: 仙台市内（予約済み） | G14: 14700 | I14: =IF(H14="","",H14-G14) | J14: 確定 | K14: 未 | L14: 本人申告（2026/10/03） | M14: 宿泊費14,700円（予約済み）。領収書の金額と照合
F15: 合計 | G15: =SUM(G6:G14) -> 221956 | H15: =SUM(H6:H14) -> 0
F16: 精算反映後合計 | G16: =G15-SUMPRODUCT(--(H6:H14<>""),G6:G14)+H15 -> 221956 | H16: ＝精算額が入った行は精算額、未入力の行は見込額で合計
F17: 見込額が未入力の件数 | G17: =COUNTBLANK(G6:G14)&"件" -> 0件

Sheet 集計
A1: 参加者別 集計
A3: 氏名 | B3: 交通費（見込額） | C3: 宿泊費（見込額） | D3: 手土産代（見込額） | E3: 見込額小計 | F3: 精算額（入力済み分） | G3: 精算反映後合計 | H3: 補助方針
A4: 速水さん | B4: =SUMIFS(精算一覧!$G$6:$G$14,精算一覧!$B$6:$B$14,$A4,精算一覧!$D$6:$D$14,"交通費") -> 43240 | C4: =SUMIFS(精算一覧!$G$6:$G$14,精算一覧!$B$6:$B$14,$A4,精算一覧!$D$6:$D$14,"宿泊費") -> 15356 | D4: =SUMIFS(精算一覧!$G$6:$G$14,精算一覧!$B$6:$B$14,$A4,精算一覧!$D$6:$D$14,"手土産代") -> 2000 | E4: =SUM(B4:D4) -> 60596 | F4: =SUMIFS(精算一覧!$H$6:$H$14,精算一覧!$B$6:$B$14,$A4) -> 0 | G4: =E4-SUMPRODUCT((精算一覧!$B$6:$B$14=$A4)*(精算一覧!$H$6:$H$14<>"")*精算一覧!$G$6:$G$14)+F4 -> 60596 | H4: 交通費・宿泊費・手土産代 全額補助（講師）
A5: 栗山さん | B5: =SUMIFS(精算一覧!$G$6:$G$14,精算一覧!$B$6:$B$14,$A5,精算一覧!$D$6:$D$14,"交通費") -> 23260 | C5: =SUMIFS(精算一覧!$G$6:$G$14,精算一覧!$B$6:$B$14,$A5,精算一覧!$D$6:$D$14,"宿泊費") -> 0 | D5: =SUMIFS(精算一覧!$G$6:$G$14,精算一覧!$B$6:$B$14,$A5,精算一覧!$D$6:$D$14,"手土産代") -> 0 | E5: =SUM(B5:D5) -> 23260 | F5: =SUMIFS(精算一覧!$H$6:$H$14,精算一覧!$B$6:$B$14,$A5) -> 0 | G5: =E5-SUMPRODUCT((精算一覧!$B$6:$B$14=$A5)*(精算一覧!$H$6:$H$14<>"")*精算一覧!$G$6:$G$14)+F5 -> 23260 | H5: 東京⇔仙台 新幹線代のみ
A6: 田中さん | B6: =SUMIFS(精算一覧!$G$6:$G$14,精算一覧!$B$6:$B$14,$A6,精算一覧!$D$6:$D$14,"交通費") -> 51540 | C6: =SUMIFS(精算一覧!$G$6:$G$14,精算一覧!$B$6:$B$14,$A6,精算一覧!$D$6:$D$14,"宿泊費") -> 30000 | D6: =SUMIFS(精算一覧!$G$6:$G$14,精算一覧!$B$6:$B$14,$A6,精算一覧!$D$6:$D$14,"手土産代") -> 0 | E6: =SUM(B6:D6) -> 81540 | F6: =SUMIFS(精算一覧!$H$6:$H$14,精算一覧!$B$6:$B$14,$A6) -> 0 | G6: =E6-SUMPRODUCT((精算一覧!$B$6:$B$14=$A6)*(精算一覧!$H$6:$H$14<>"")*精算一覧!$G$6:$G$14)+F6 -> 81540 | H6: 支部として出せる範囲で補助
A7: 加藤 | B7: =SUMIFS(精算一覧!$G$6:$G$14,精算一覧!$B$6:$B$14,$A7,精算一覧!$D$6:$D$14,"交通費") -> 41860 | C7: =SUMIFS(精算一覧!$G$6:$G$14,精算一覧!$B$6:$B$14,$A7,精算一覧!$D$6:$D$14,"宿泊費") -> 14700 | D7: =SUMIFS(精算一覧!$G$6:$G$14,精算一覧!$B$6:$B$14,$A7,精算一覧!$D$6:$D$14,"手土産代") -> 0 | E7: =SUM(B7:D7) -> 56560 | F7: =SUMIFS(精算一覧!$H$6:$H$14,精算一覧!$B$6:$B$14,$A7) -> 0 | G7: =E7-SUMPRODUCT((精算一覧!$B$6:$B$14=$A7)*(精算一覧!$H$6:$H$14<>"")*精算一覧!$G$6:$G$14)+F7 -> 56560 | H7: 支部として出せる範囲で補助
A8: 合計 | B8: =SUM(B4:B7) -> 159900 | C8: =SUM(C4:C7) -> 60056 | D8: =SUM(D4:D7) -> 2000 | E8: =SUM(E4:E7) -> 221956 | F8: =SUM(F4:F7) -> 0 | G8: =SUM(G4:G7) -> 221956
A10: 予算 | B10: 150000
A11: 見込額合計（精算一覧と一致確認） | B11: =精算一覧!G15 -> 221956
A12: 精算反映後合計 | B12: =G8 -> 221956
A13: 予算残額（マイナス＝超過） | B13: =B10-G8 -> -71956
A15: ※精算額は精算一覧の緑のセルに入力すると、精算反映後合計・予算残額が自動で更新されます。

Sheet メモ
A1: 補助方針・出典メモ
A3: 予算 | B3: 全体で15万円＋アルファ（2026年に科目変更あり）
A4: 補助方針（速水さん） | B4: 講師のため交通費・宿泊費・手土産代を全額補助（9/14 浅野支部長、10/2 加藤メール）
A5: 補助方針（その他） | B5: 栗山さん・田中さん・加藤は、予算をある程度超えても支部として出せる範囲で補助（10/2 加藤メール、浅野支部長了承）
A6: 宿泊費の目安 | B6: 2万円以内を目安。超えても支部として補助（9/14 加藤→速水さん）
A7: 交通費の目安 | B7: 往復割引は廃止のため往復約4万円（9/14 原さん・加藤メール）
A8: 参加者 | B8: 加藤・田中さん・栗山さん・速水さんの4名（10/2 浅野支部長メール）
A9: 要確認 | B9: 楽天カード明細 9/25「ｼﾞｴｲｱ-ﾙﾆｼﾆﾎﾝ」10,380円・9,980円は仙台行きか不明のため一覧に含めていません
A10: 精算額の入力 | B10: 領収書の金額を精算一覧の「精算額（円）」（緑のセル）に入力してください。入力した行は精算額、未入力の行は見込額で合計されます
A11: 領収書 | B11: 交通費精算は領収書を忘れずに（8/24 中間会計報告）。立替払いの連絡期限は12/18
A12: 見込みの前提（田中さん） | B12: 名古屋発・往路は新幹線・復路は空路（前日までの割引運賃）と仮定した見込み額。宿泊費は10/30・10/31の2泊を想定し、速水さんの15,356円を目安に30,000円で見込み（泊数・金額は要確認）
A13: 交通費の調べ方 | B13: 2026/10/03時点のWeb検索による概算：名古屋⇔仙台（駅探）、東京⇔仙台（tabiris 2026年版）、中部国際⇔仙台の航空運賃（ANA・エアトリ等）。精算時は領収書の金額で上書きしてください
A14: 出典メール① | B14: 2026/09/13〜14「SAAJ支部合同研究会2026について」
... A17: 出典メール④ | B17: 2026/10/02〜10/03「仙台での合同研究会への補助について」
