Workbook

Sheet 精算一覧
A1: SAAJ支部合同研究会2026（仙台）交通費・宿泊費 精算一覧
A2: 開催：2026年10月31日（土）〜11月1日（日）仙台市 ／ 作成：中部支部 会計 加藤 ／ 更新日：2026年10月3日（v2：交通費の概算を入力）
A3: 黄色のセル＝金額未確定（領収書・確定額が分かり次第ご入力ください。合計は自動計算されます）
A5: No | B5: 氏名 | C5: 役割 | D5: 区分 | E5: 区間・内容 | F5: 利用日 | G5: 金額（円） | H5: 状態 | I5: 領収書 | J5: 出典メール | K5: 備考
A6: 1 | B6: 速水さん | C6: 講師 | D6: 交通費 | E6: 往復（自宅⇔仙台） | F6: 10/31〜11/1 | G6: 43240 | H6: 概算 | I6: 未 | J6: 2026/10/02 Re: 仙台での合同研究会への補助について | K6: ご本人より「ほぼ確定」との連絡。全額補助
A7: 2 | B7: 速水さん | C7: 講師 | D7: 宿泊費 | E7: 仙台市内 1泊 | F7: 10/31 | G7: 15356 | H7: 概算 | I7: 未 | J7: 2026/10/02 Re: 仙台での合同研究会への補助について | K7: ご本人より「ほぼ確定」との連絡。全額補助
A8: 3 | B8: 速水さん | C8: 講師 | D8: 手土産代 | E8: 手土産（加藤が手配） | H8: 未定 | I8: 未 | J8: 2026/10/02 Re: 仙台での合同研究会への補助について | K8: 速水さんより加藤へ一任。9/14浅野支部長・加藤にて補助了承済み
A9: 4 | B9: 栗山さん | C9: 参加 | D9: 交通費 | E9: 新幹線 東京⇔仙台 往復（はやぶさ指定席） | F9: 10/31〜11/1 | G9: =11630*2 | H9: 概算 | I9: 未 | J9: 2026/09/26 参加希望(栗山)／2026/10/02 Re: 仙台での合同研究会への補助について | K9: 名古屋⇔東京は会社負担のため補助対象外。片道11,630円×2（2026年3月改定後の定価、tabiris調べ）。領収書の額で上書き
A10: 5 | B10: 栗山さん | C10: 参加 | D10: 宿泊費 | E10: 補助不要 | G10: 0 | H10: 確定 | I10: - | J10: 2026/10/02 Re: 仙台での合同研究会への補助について | K10: 10/31は宿泊するが補助不要とのこと（翌日オプショナルツアー）
A11: 6 | B11: 田中さん | C11: 参加 | D11: 交通費 | E11: 往路：新幹線 名古屋→仙台（10/30朝）／復路：空路 仙台→中部国際（11/1夕） | F11: 10/30・11/1 | G11: =20930+30610 | H11: 概算 | I11: 未 | J11: 2026/10/03 Re: 仙台での合同研究会への補助について | K11: 名古屋発と仮定。往路は新幹線（のぞみ＋はやぶさ指定席）片道20,930円、復路はANA/IBEX 前日までの割引運賃30,610円で計上。28日前までの割引なら17,210円、普通運賃は33,710〜34,710円。空港までのアクセス費は含まず。往路を空路にした場合は差し替え
A12: 7 | B12: 田中さん | C12: 参加 | D12: 宿泊費 | E12: 仙台市内（10/30〜） | F12: 10/30〜 | H12: 未定 | I12: 未 | J12: 2026/10/03 Re: 仙台での合同研究会への補助について | K12: 泊数・金額の記載なし
A13: 8 | B13: 加藤 | C13: 会計 | D13: 交通費 | E13: 新幹線 名古屋⇔仙台 往復（のぞみ＋はやぶさ指定席） | F13: 10/31〜11/1 | G13: =20930*2 | H13: 概算 | I13: 未 | J13: 本人申告（2026/10/03） | K13: 乗車券10,560円＋特急券10,370円＝片道20,930円×2（駅探調べ）。往復割引は廃止。領収書の額で上書き
A14: 9 | B14: 加藤 | C14: 会計 | D14: 宿泊費 | E14: 仙台市内（予約済み） | H14: 未定 | I14: 未 | J14: 2026/09/14・09/26 浅野支部長宛メール | K14: 楽天トラベルで1万4千円クラスとの記載あり。確定額を入力
F15: 合計 | G15: =SUM(G6:G14)
F16: 未確定件数 | G16: =COUNTBLANK(G6:G14)&"件"

Sheet 集計
A1: 参加者別 集計
A3: 氏名 | B3: 交通費 | C3: 宿泊費 | D3: 手土産代 | E3: 小計 | F3: 補助方針
A4: 速水さん | B4: =SUMIFS(精算一覧!$G$6:$G$14,精算一覧!$B$6:$B$14,$A4,精算一覧!$D$6:$D$14,"交通費") | C4: =SUMIFS(精算一覧!$G$6:$G$14,精算一覧!$B$6:$B$14,$A4,精算一覧!$D$6:$D$14,"宿泊費") | D4: =SUMIFS(精算一覧!$G$6:$G$14,精算一覧!$B$6:$B$14,$A4,精算一覧!$D$6:$D$14,"手土産代") | E4: =SUM(B4:D4) | F4: 交通費・宿泊費・手土産代 全額補助（講師）
A5: 栗山さん | B5: =SUMIFS(精算一覧!$G$6:$G$14,精算一覧!$B$6:$B$14,$A5,精算一覧!$D$6:$D$14,"交通費") | C5: =SUMIFS(精算一覧!$G$6:$G$14,精算一覧!$B$6:$B$14,$A5,精算一覧!$D$6:$D$14,"宿泊費") | D5: =SUMIFS(精算一覧!$G$6:$G$14,精算一覧!$B$6:$B$14,$A5,精算一覧!$D$6:$D$14,"手土産代") | E5: =SUM(B5:D5) | F5: 東京⇔仙台 新幹線代のみ
A6: 田中さん | B6: =SUMIFS(精算一覧!$G$6:$G$14,精算一覧!$B$6:$B$14,$A6,精算一覧!$D$6:$D$14,"交通費") | C6: =SUMIFS(精算一覧!$G$6:$G$14,精算一覧!$B$6:$B$14,$A6,精算一覧!$D$6:$D$14,"宿泊費") | D6: =SUMIFS(精算一覧!$G$6:$G$14,精算一覧!$B$6:$B$14,$A6,精算一覧!$D$6:$D$14,"手土産代") | E6: =SUM(B6:D6) | F6: 支部として出せる範囲で補助
A7: 加藤 | B7: =SUMIFS(精算一覧!$G$6:$G$14,精算一覧!$B$6:$B$14,$A7,精算一覧!$D$6:$D$14,"交通費") | C7: =SUMIFS(精算一覧!$G$6:$G$14,精算一覧!$B$6:$B$14,$A7,精算一覧!$D$6:$D$14,"宿泊費") | D7: =SUMIFS(精算一覧!$G$6:$G$14,精算一覧!$B$6:$B$14,$A7,精算一覧!$D$6:$D$14,"手土産代") | E7: =SUM(B7:D7) | F7: 支部として出せる範囲で補助
A8: 合計 | B8: =SUM(B4:B7) | C8: =SUM(C4:C7) | D8: =SUM(D4:D7) | E8: =SUM(E4:E7)
A10: 予算 | B10: 150000
A11: 合計（精算一覧と一致確認） | B11: =精算一覧!G15
A12: 予算残額（マイナス＝超過） | B12: =B10-E8
A14: ※未確定の金額は0円として計算されています。精算一覧の黄色セルを入力すると自動で更新されます。

Sheet メモ
A1: 補助方針・出典メモ
A3: 予算 | B3: 全体で15万円＋アルファ（2026年に科目変更あり）
A4: 補助方針（速水さん） | B4: 講師のため交通費・宿泊費・手土産代を全額補助（9/14 浅野支部長、10/2 加藤メール）
A5: 補助方針（その他） | B5: 栗山さん・田中さん・加藤は、予算をある程度超えても支部として出せる範囲で補助（10/2 加藤メール、浅野支部長了承）
A6: 宿泊費の目安 | B6: 2万円以内を目安。超えても支部として補助（9/14 加藤→速水さん）
A7: 交通費の目安 | B7: 往復割引は廃止のため往復約4万円（9/14 原さん・加藤メール）
A8: 参加者 | B8: 加藤・田中さん・栗山さん・速水さんの4名（10/2 浅野支部長メール）
A9: 要確認 | B9: 楽天カード明細 9/25「ｼﾞｴｲｱ-ﾙﾆｼﾆﾎﾝ」10,380円・9,980円は仙台行きか不明のため一覧に含めていません
A10: 領収書 | B10: 交通費精算は領収書を忘れずに（8/24 中間会計報告）。立替払いの連絡期限は12/18
A11: 交通費の調べ方 | B11: 2026/10/03時点のWeb検索による概算：名古屋⇔仙台（駅探）、東京⇔仙台（tabiris 2026年版）、中部国際⇔仙台の航空運賃（ANA・エアトリ等）。精算時は領収書の金額で上書きしてください
A12: 出典メール① | B12: 2026/09/13〜14「SAAJ支部合同研究会2026について」
A13: 出典メール② | B13: 2026/09/26「★ご連絡★SAAJ支部合同研究会への参加希望(栗山)」
A14: 出典メール③ | B14: 2026/09/26〜10/02「合同研究会の件について」（浅野支部長）
A15: 出典メール④ | B15: 2026/10/02〜10/03「仙台での合同研究会への補助について」
